"POWER","getsockname","send","kill","unlink","close","brk","open","getuid32","time","poll","writev","socket","chdir","getrlimit","pipe2","clone","mprotect","prctl","uname","getsockopt","sendmsg","recv","_llseek","gettimeofday","set_robust_list","stat64","fcntl64","munmap","getdents","connect","rt_sigprocmask","pipe","execve","setsockopt","getpeername","getdents64","write","rt_sigaction","read","futex","shutdown","set_thread_area","fstat64","lseek","statfs","recvmsg","madvise","access","clock_gettime","openat","getcwd","set_tid_address","getgid32","mmap2","ftruncate64","readlink"
"19.91862","8","2980","16","4","104","5","221","14","2","9848","44","8","0","1","4","3","29","3","8","4","3","51","0","308","4","53","97","45","2","8","4","3","1","16","4","8","2719","3","16752","4094","4","1","63","5","1","4235","3","32","16103","5","0","1","4","102","4","7"
"19.89873","8","2962","16","4","104","5","221","14","2","9806","44","8","0","1","4","3","29","3","8","4","3","51","0","308","4","53","97","45","2","8","4","3","1","16","4","8","2702","3","16741","4067","4","1","63","5","1","4226","3","32","16030","5","0","1","4","102","4","7"
"19.87802","8","2986","16","4","104","5","221","14","2","9859","44","8","0","1","4","3","29","3","8","4","3","50","0","308","4","53","97","45","2","8","4","3","1","16","4","8","2726","3","16753","4103","4","1","63","5","1","4238","3","32","16126","5","0","1","4","102","4","7"
"19.90546","6","153428","12","3","92","5","218","10","2","249363","33","6","2","1","3","2","34","2","6","3","2","37","5","95897","3","51","71","39","2","6","3","2","1","12","3","6","127842","3","44808","185349","3","1","60","0","1","185378","2","31","664811","5","2","1","3","101","3","5"
"19.98669","6","153426","12","3","92","5","218","10","2","249357","33","6","2","1","3","2","34","2","6","3","2","37","5","95895","3","51","71","39","2","6","3","2","1","12","3","6","127842","3","44808","185349","3","1","60","0","1","185376","2","31","664794","5","2","1","3","101","3","5"
"19.89937","6","153422","12","3","92","5","218","10","2","249356","33","6","2","1","3","2","34","2","6","3","2","37","5","95892","3","51","71","39","2","6","3","2","1","12","3","6","127842","3","44808","185349","3","1","60","0","1","185372","2","31","664788","5","2","1","3","101","3","5"
"19.92216","6","153414","12","3","92","5","218","10","2","249344","33","6","2","1","3","2","34","2","6","3","2","37","5","95886","3","51","71","39","2","6","3","2","1","12","3","6","127842","3","44808","185349","3","1","60","0","1","185364","2","31","664754","5","2","1","3","101","3","5"
"19.89816","6","153434","12","3","92","5","218","10","2","249367","33","6","2","1","3","2","34","2","6","3","2","37","5","95901","3","51","71","39","2","6","3","2","1","12","3","6","127842","3","44808","185349","3","1","60","0","1","185384","2","31","664824","5","2","1","3","101","3","5"
"19.92961","6","153424","12","3","92","5","218","10","2","249354","33","6","2","1","3","2","34","2","6","3","2","37","5","95895","3","51","71","39","2","6","3","2","1","12","3","6","127842","3","44808","185349","3","1","60","0","1","185374","2","31","664787","5","2","1","3","101","3","5"
"19.95807","8","153430","16","4","110","5","232","14","2","249390","44","8","2","1","4","3","34","3","8","4","3","49","5","95895","4","52","97","48","2","8","4","3","1","16","4","8","127844","3","44816","185354","4","1","68","0","1","185380","3","32","664819","6","2","1","4","110","4","7"
"19.90775","8","153446","16","4","110","5","232","14","2","249407","44","8","2","1","4","3","34","3","8","4","3","49","5","95904","4","52","97","48","2","8","4","3","1","16","4","8","127844","3","44816","185354","4","1","68","0","1","185396","3","32","664870","6","2","1","4","110","4","7"
"19.97063","8","153442","16","4","110","5","232","14","2","249406","44","8","2","1","4","3","34","3","8","4","3","49","5","95903","4","52","97","48","2","8","4","3","1","16","4","8","127844","3","44816","185356","4","1","68","0","1","185392","3","32","664867","6","2","1","4","110","4","7"
"19.94611","8","153440","16","4","110","5","232","14","2","249398","44","8","2","1","4","3","34","3","8","4","3","49","5","95903","4","52","97","48","2","8","4","3","1","16","4","8","127844","3","44816","185356","4","1","68","0","1","185390","3","32","664849","6","2","1","4","110","4","7"
"19.90007","8","153450","16","4","110","5","232","14","2","249414","44","8","2","1","4","3","34","3","8","4","3","49","5","95905","4","52","97","48","2","8","4","3","1","16","4","8","127844","3","44816","185354","4","1","68","0","1","185400","3","32","664889","6","2","1","4","110","4","7"
"19.91036","8","153442","16","4","110","5","232","14","2","249402","44","8","2","1","4","3","34","3","8","4","3","49","5","95903","4","52","97","48","2","8","4","3","1","16","4","8","127844","3","44816","185354","4","1","68","0","1","185392","3","32","664857","6","2","1","4","110","4","7"
"19.89929","8","153426","16","4","110","5","232","14","2","249383","44","8","2","1","4","3","34","3","8","4","3","49","5","95890","4","52","97","48","2","8","4","3","1","16","4","8","127844","3","44816","185354","4","1","68","0","1","185376","3","32","664799","6","2","1","4","110","4","7"
"19.92824","8","153452","16","4","110","5","232","14","2","249414","44","8","2","1","4","3","34","3","8","4","3","49","5","95909","4","52","97","48","2","8","4","3","1","16","4","8","127844","3","44816","185356","4","1","68","0","1","185402","3","32","664893","6","2","1","4","110","4","7"
"19.91869","8","153430","16","4","110","5","232","14","2","249386","44","8","2","1","4","3","34","3","8","4","3","49","5","95894","4","52","97","48","2","8","4","3","1","16","4","8","127844","3","44816","185354","4","1","68","0","1","185380","3","32","664811","6","2","1","4","110","4","7"
"19.90299","8","153420","16","4","110","5","232","14","2","249375","44","8","2","1","4","3","34","3","8","4","3","49","5","95886","4","52","97","48","2","8","4","3","1","16","4","8","127844","3","44816","185356","4","1","68","0","1","185370","3","32","664775","6","2","1","4","110","4","7"
"19.89712","8","153424","16","4","110","5","232","14","2","249378","44","8","2","1","4","3","34","3","8","4","3","49","5","95890","4","52","97","48","2","8","4","3","1","16","4","8","127844","3","44816","185354","4","1","68","0","1","185374","3","32","664787","6","2","1","4","110","4","7"
"19.93216","8","153418","16","4","110","5","234","14","2","249375","44","8","2","1","4","3","34","3","8","4","3","49","5","95886","4","53","97","48","2","8","4","3","1","16","4","8","127844","3","44816","185354","4","1","68","0","1","185368","3","33","664775","6","2","1","4","110","4","7"
"19.9964","8","153432","16","4","110","5","234","14","2","249392","44","8","2","1","4","3","34","3","8","4","3","49","5","95895","4","53","97","48","2","8","4","3","1","16","4","8","127844","3","44816","185354","4","1","68","0","1","185382","3","33","664824","6","2","1","4","110","4","7"
"19.90152","8","153438","16","4","110","5","234","14","2","249396","44","8","2","1","4","3","34","3","8","4","3","49","5","95901","4","53","97","48","2","8","4","3","1","16","4","8","127844","3","44816","185356","4","1","68","0","1","185388","3","33","664841","6","2","1","4","110","4","7"
"19.93154","8","153432","16","4","110","5","234","14","2","249390","44","8","2","1","4","3","34","3","8","4","3","49","5","95895","4","53","97","48","2","8","4","3","1","16","4","8","127844","3","44816","185354","4","1","68","0","1","185382","3","33","664821","6","2","1","4","110","4","7"
"19.90561","8","153424","16","4","105","5","224","14","2","249381","44","8","0","1","4","3","32","3","8","4","3","49","5","95891","4","52","97","45","2","8","4","3","1","16","4","8","127844","3","44812","185357","4","1","64","0","1","185374","3","32","664795","5","0","1","4","105","4","7"
"19.92464","8","153424","16","4","105","5","224","14","2","249382","44","8","0","1","4","3","32","3","8","4","3","49","5","95890","4","52","97","45","2","8","4","3","1","16","4","8","127844","3","44812","185355","4","1","64","0","1","185374","3","32","664796","5","0","1","4","105","4","7"
"19.93333","8","153420","16","4","105","5","224","14","2","249376","44","8","0","1","4","3","32","3","8","4","3","49","5","95887","4","52","97","45","2","8","4","3","1","16","4","8","127844","3","44812","185357","4","1","64","0","1","185370","3","32","664778","5","0","1","4","105","4","7"
"19.92387","8","153432","16","4","105","5","224","14","2","249391","44","8","0","1","4","3","32","3","8","4","3","49","5","95897","4","52","97","45","2","8","4","3","1","16","4","8","127844","3","44812","185357","4","1","64","0","1","185382","3","32","664825","5","0","1","4","105","4","7"
"19.97994","8","153448","16","4","105","5","224","14","2","249407","44","8","0","1","4","3","32","3","8","4","3","49","5","95906","4","52","97","45","2","8","4","3","1","16","4","8","127844","3","44812","185355","4","1","64","0","1","185398","3","32","664874","5","0","1","4","105","4","7"
"19.90887","8","153420","16","4","105","5","224","14","2","249376","44","8","0","1","4","3","32","3","8","4","3","49","5","95886","4","52","97","45","2","8","4","3","1","16","4","8","127844","3","44812","185355","4","1","64","0","1","185370","3","32","664777","5","0","1","4","105","4","7"
"19.94841","8","153444","16","4","105","5","224","14","2","249403","44","8","0","1","4","3","32","3","8","4","3","49","5","95903","4","52","97","45","2","8","4","3","1","16","4","8","127844","3","44812","185357","4","1","64","0","1","185394","3","32","664861","5","0","1","4","105","4","7"
"19.91334","8","153440","16","4","105","5","224","14","2","249399","44","8","0","1","4","3","32","3","8","4","3","49","5","95897","4","52","97","45","2","8","4","3","1","16","4","8","127844","3","44812","185355","4","1","64","0","1","185390","3","32","664845","5","0","1","4","105","4","7"
"19.91858","8","153426","16","4","105","5","224","14","2","249385","44","8","0","1","4","3","32","3","8","4","3","49","5","95890","4","52","97","45","2","8","4","3","1","16","4","8","127844","3","44812","185355","4","1","64","0","1","185376","3","32","664803","5","0","1","4","105","4","7"
"19.91566","8","153436","16","4","105","5","224","14","2","249393","44","8","0","1","4","3","32","3","8","4","3","49","5","95898","4","52","97","45","2","8","4","3","1","16","4","8","127844","3","44812","185355","4","1","64","0","1","185386","3","32","664831","5","0","1","4","105","4","7"
"19.91864","8","153446","16","4","105","5","224","14","2","249407","44","8","0","1","4","3","32","3","8","4","3","49","5","95904","4","52","97","45","2","8","4","3","1","16","4","8","127844","3","44812","185357","4","1","64","0","1","185396","3","32","664870","5","0","1","4","105","4","7"
"19.92867","8","153416","16","4","105","5","224","14","2","249371","44","8","0","1","4","3","32","3","8","4","3","49","5","95884","4","52","97","45","2","8","4","3","1","16","4","8","127844","3","44812","185357","4","1","64","0","1","185366","3","32","664764","5","0","1","4","105","4","7"
"19.90548","8","153406","16","4","105","5","224","14","2","249358","44","8","0","1","4","3","32","3","8","4","3","49","5","95876","4","52","97","45","2","8","4","3","1","16","4","8","127845","3","44811","185368","4","1","64","0","1","185356","3","32","664727","5","0","1","4","105","4","7"
"19.92165","8","153436","16","4","105","5","224","14","2","249394","44","8","0","1","4","3","32","3","8","4","3","49","5","95899","4","52","97","45","2","8","4","3","1","16","4","8","127844","3","44812","185355","4","1","64","0","1","185386","3","32","664835","5","0","1","4","105","4","7"
"19.92439","8","153428","16","4","105","5","224","14","2","249384","44","8","0","1","4","3","32","3","8","4","3","49","5","95893","4","52","97","45","2","8","4","3","1","16","4","8","127844","3","44812","185355","4","1","64","0","1","185378","3","32","664804","5","0","1","4","105","4","7"
"19.95564","8","153428","16","4","105","5","224","14","2","249386","44","8","0","1","4","3","32","3","8","4","3","49","5","95892","4","52","97","46","2","8","4","3","1","16","4","8","127844","3","44812","185357","4","1","64","0","1","185378","3","32","664807","5","0","1","4","106","4","7"
"19.93283","8","153432","16","4","105","5","224","14","2","249390","44","8","0","1","4","3","32","3","8","4","3","49","5","95895","4","52","97","46","2","8","4","3","1","16","4","8","127844","3","44812","185357","4","1","64","0","1","185382","3","32","664820","5","0","1","4","106","4","7"
"19.89277","8","153424","16","4","105","5","224","14","2","249380","44","8","0","1","4","3","32","3","8","4","3","49","5","95890","4","52","97","45","2","8","4","3","1","16","4","8","127844","3","44812","185355","4","1","64","0","1","185374","3","32","664791","5","0","1","4","105","4","7"
"19.92729","8","153446","16","4","105","5","224","14","2","249406","44","8","0","1","4","3","32","3","8","4","3","49","5","95904","4","52","97","45","2","8","4","3","1","16","4","8","127844","3","44812","185357","4","1","64","0","1","185396","3","32","664869","5","0","1","4","105","4","7"
"19.94963","8","153428","16","4","105","5","224","14","2","249385","44","8","0","1","4","3","32","3","8","4","3","49","5","95892","4","52","97","45","2","8","4","3","1","16","4","8","127844","3","44812","185355","4","1","64","0","1","185378","3","32","664807","5","0","1","4","105","4","7"
"19.91586","8","153432","16","4","105","5","224","14","2","249391","44","8","0","1","4","3","32","3","8","4","3","49","5","95897","4","52","97","45","2","8","4","3","1","16","4","8","127844","3","44812","185357","4","1","64","0","1","185382","3","32","664824","5","0","1","4","105","4","7"
"19.96686","8","153430","16","4","105","5","224","14","2","249390","44","8","0","1","4","3","32","3","8","4","3","49","5","95895","4","52","97","45","2","8","4","3","1","16","4","8","127844","3","44812","185357","4","1","64","0","1","185380","3","32","664819","5","0","1","4","105","4","7"
"19.97971","8","153436","16","4","105","5","224","14","2","249392","44","8","0","1","4","3","32","3","8","4","3","49","5","95901","4","52","97","45","2","8","4","3","1","16","4","8","127844","3","44812","185357","4","1","64","0","1","185386","3","32","664832","5","0","1","4","105","4","7"
"19.90545","8","153418","16","4","105","5","224","14","2","249377","44","8","0","1","4","3","32","3","8","4","3","49","5","95886","4","52","97","45","2","8","4","3","1","16","4","8","127844","3","44812","185357","4","1","64","0","1","185368","3","32","664779","5","0","1","4","105","4","7"
"19.9572","8","153448","16","4","105","5","224","14","2","249411","44","8","0","1","4","3","32","3","8","4","3","49","5","95908","4","52","97","45","2","8","4","3","1","16","4","8","127844","3","44812","185359","4","1","64","0","1","185398","3","32","664883","5","0","1","4","105","4","7"
"19.91201","8","153448","16","4","105","5","224","14","2","249410","44","8","0","1","4","3","32","3","8","4","3","49","5","95909","4","52","97","45","2","8","4","3","1","16","4","8","127844","3","44812","185355","4","1","64","0","1","185398","3","32","664884","5","0","1","4","105","4","7"
"19.90132","8","153438","16","4","105","5","224","14","2","249396","44","8","0","1","4","3","32","3","8","4","3","49","5","95899","4","52","97","45","2","8","4","3","1","16","4","8","127844","3","44812","185355","4","1","64","0","1","185388","3","32","664839","5","0","1","4","105","4","7"
"19.99423","8","153426","16","4","105","5","224","14","2","249382","44","8","0","1","4","3","32","3","8","4","3","49","5","95892","4","52","97","45","2","8","4","3","1","16","4","8","127844","3","44812","185357","4","1","64","0","1","185376","3","32","664799","5","0","1","4","105","4","7"
"19.91281","8","153414","16","4","105","5","224","14","2","249369","44","8","0","1","4","3","32","3","8","4","3","49","5","95882","4","52","97","45","2","8","4","3","1","16","4","8","127846","3","44812","185357","4","1","64","0","1","185364","3","32","664757","5","0","1","4","105","4","7"
"19.94159","8","153438","16","4","105","5","224","14","2","249394","44","8","0","1","4","3","32","3","8","4","3","49","5","95900","4","52","97","45","2","8","4","3","1","16","4","8","127844","3","44812","185354","4","1","64","0","1","185388","3","32","664838","5","0","1","4","105","4","7"
"19.91792","8","153428","16","4","105","5","224","14","2","249386","44","8","0","1","4","3","32","3","8","4","3","49","5","95892","4","52","97","45","2","8","4","3","1","16","4","8","127844","3","44812","185355","4","1","64","0","1","185378","3","32","664807","5","0","1","4","105","4","7"
"19.90344","8","153428","16","4","105","5","224","14","2","249385","44","8","0","1","4","3","32","3","8","4","3","49","5","95892","4","52","97","45","2","8","4","3","1","16","4","8","127844","3","44812","185355","4","1","64","0","1","185378","3","32","664805","5","0","1","4","105","4","7"
"19.87645","8","153438","16","4","105","5","224","14","2","249397","44","8","0","1","4","3","32","3","8","4","3","49","5","95901","4","52","97","45","2","8","4","3","1","16","4","8","127848","3","44812","185357","4","1","64","0","1","185388","3","32","664843","5","0","1","4","105","4","7"
"19.94652","8","153432","16","4","105","5","224","14","2","249389","44","8","0","1","4","3","32","3","8","4","3","49","5","95898","4","52","97","45","2","8","4","3","1","16","4","8","127844","3","44812","185355","4","1","64","0","1","185382","3","32","664822","5","0","1","4","105","4","7"
"19.95988","8","153440","16","4","105","5","224","14","2","249398","44","8","0","1","4","3","32","3","8","4","3","49","5","95900","4","52","97","45","2","8","4","3","1","16","4","8","127846","3","44812","185357","4","1","64","0","1","185390","3","32","664845","5","0","1","4","105","4","7"
"19.89855","8","153412","16","4","105","5","224","14","2","249369","44","8","0","1","4","3","32","3","8","4","3","49","5","95879","4","52","97","45","2","8","4","3","1","16","4","8","127846","3","44812","185355","4","1","64","0","1","185362","3","32","664753","5","0","1","4","105","4","7"
"19.93246","8","153434","16","4","105","5","224","14","2","249396","44","8","0","1","4","3","32","3","8","4","3","49","5","95895","4","52","97","45","2","8","4","3","1","16","4","8","127848","3","44812","185359","4","1","64","0","1","185384","3","32","664834","5","0","1","4","105","4","7"
"19.91594","8","153428","16","4","105","5","224","14","2","249386","44","8","0","1","4","3","32","3","8","4","3","49","5","95893","4","52","97","45","2","8","4","3","1","16","4","8","127848","3","44812","185357","4","1","64","0","1","185378","3","32","664809","5","0","1","4","105","4","7"
"19.88116","8","153416","16","4","105","5","224","14","2","249373","44","8","0","1","4","3","32","3","8","4","3","49","5","95884","4","52","97","45","2","8","4","3","1","16","4","8","127848","3","44812","185357","4","1","64","0","1","185366","3","32","664767","5","0","1","4","105","4","7"
"19.96103","8","157412","16","4","105","5","224","14","2","253709","44","8","0","1","4","3","32","3","8","4","3","49","5","98718","4","52","97","45","2","8","4","3","1","16","4","8","147015","3","44812","185359","4","1","64","0","1","189362","3","32","678547","5","0","1","4","105","4","7"
"19.94055","8","157576","16","4","105","5","224","14","2","253879","44","8","0","1","4","3","32","3","8","4","3","49","5","98842","4","52","97","45","2","8","4","3","1","16","4","8","147015","3","44812","185359","4","1","64","0","1","189526","3","32","679044","5","0","1","4","105","4","7"
"19.93548","8","157652","16","4","105","5","224","14","2","253978","44","8","0","1","4","3","32","3","8","4","3","49","5","98902","4","52","97","45","2","8","4","3","1","16","4","8","147015","3","44812","185363","4","1","64","0","1","189602","3","32","679358","5","0","1","4","105","4","7"
"19.94049","8","157634","16","4","105","5","224","14","2","253996","44","8","0","1","4","3","32","3","8","4","3","49","5","98916","4","52","97","45","2","8","4","3","1","16","4","8","147015","3","44812","185361","4","1","64","0","1","189584","3","32","679391","5","0","1","4","105","4","7"
"19.90466","8","157692","16","4","105","5","224","14","2","253987","44","8","0","1","4","3","32","3","8","4","3","49","5","98916","4","52","97","45","2","8","4","3","1","16","4","8","147013","3","44812","185365","4","1","64","0","1","189642","3","32","679414","5","0","1","4","105","4","7"
